Objekt,Ebene,Bauteil,AKS Plan,AKS real,alte Türnummer ,Schlossernummer,Höhe [cm],Breite [cm],Zylinder [Z/B/WC/S] ,"Flügel [1,2,3]",Hersteller,Seriennummer,Feuerwider-stand,Brand-schutz-grenze [ja/nein],Flucht [ja/nein],Fluchtwegs-tür Nr,Panik [D/ St.K],Nottaster [ja/nein],Offenhalte-magnet [ja/nein],Taster für Schließung [ja/nein],Vorsicherung [ja/nein],SZ - Magnet [ja/nein],Bemerkung,AKS_Plan,AKS_real,Name,Nummer,StatusText,Status,CLASS,Raum2,Raum2[2],tow.tod::anmerkung,tow_tod_last::durchführung,tow_tod_last::pnl_Nme,pnl.tow.tod_last::f_Name,eAntrieb,exf01,haltemechanik,hersteller,klassifikation,lfd.,Plan Nr.,BAUTEIL,EBENE,MODUL,RAUMNR.,NR.,FLUCHT MÖGLICH,Unnamed: 8,BLINDZYL./ ROSETTE/ ABDECKUNG,ZYL.,PANIKSCHLOSS,VERSPERRT,VERSPERRBAR,Unnamed: 14,NOTTASTER,Unnamed: 16,MÄNGEL,Unnamed: 18,Bewertung,Unnamed: 20,übermittelt,OBJ.,GESCH.,Alte Türnummer,BSTüreALT,Raumnr.,AKS RAUM,UZ6/Steu.,KREIS,LFD. NR,INFO
420.0,K1,A,2205.01,keineNr.,5K2,063/K/48,200.0,80,nein,1,keinHersteller,keineNr.,nein,nein,nein,keineNr.,D/D,nein,ja,ja,nein,nein,imPlanrot,420K1A2205.01,420K1AkeineNr.,,,,,,,,,,,,,,,,,,,,,,,,,,,,,,,,,,,,,,,,,,,,,,,,
420.0,K1,A,2506.01,keineNr.,5K3,063/K/47,200.0,80,nein,1,keinHersteller,keineNr.,nein,nein,nein,keineNr.,D/D,nein,ja,ja,nein,nein,imPlanrot,420K1A2506.01,420K1AkeineNr.,,,,,,,,,,,,,,,,,,,,,,,,,,,,,,,,,,,,,,,,,,,,,,,,
420.0,K1,A,2308.01,keineNr.,01A,keineNr.,243.0,112,nein,1,keinHersteller,keineNr.,nein,nein,nein,keineNr.,D/D,nein,nein,nein,nein,nein,,420K1A2308.01,420K1AkeineNr.,,,,,,,,,,,,,,,,,,,,,,,,,,,,,,,,,,,,,,,,,,,,,,,,
420.0,K1,A,2108.01,keineNr.,5K1,063/K/109,200.0,80,nein,1,keinHersteller,keineNr.,nein,nein,nein,keineNr.,D/D,nein,ja,ja,nein,nein,imPlanrot,420K1A2108.01,420K1AkeineNr.,,,,,,,,,,,,,,,,,,,,,,,,,,,,,,,,,,,,,,,,,,,,,,,,
420.0,K1,A,1305.02,keineNr.,3K1,063/K/149,200.0,80,nein,1,keinHersteller,keineNr.,nein,nein,nein,keineNr.,D/D,nein,ja,ja,nein,nein,imPlanrot,420K1A1305.02,420K1AkeineNr.,,,,,,,,,,,,,,,,,,,,,,,,,,,,,,,,,,,,,,,,,,,,,,,,
420.0,K1,A,1305.01,keineNr.,2K1,063/K/50,200.0,80,nein,1,keinHersteller,keineNr.,nein,nein,nein,keineNr.,D/D,nein,ja,ja,nein,nein,imPlanrot,420K1A1305.01,420K1AkeineNr.,,,,,,,,,,,,,,,,,,,,,,,,,,,,,,,,,,,,,,,,,,,,,,,,
420.0,00,B,1607.1,1607.01,093,420/0/80,200.0,95/40,Z,2,KeinHersteller,Nichtlesbar,nein,ja,nein,keinNr.,D/D,Nein,Ja,Ja,Nein,Nein,keineHerstellerangaben,42000B1607.1,42000B1607.01,,,,,,,,,,,,,,,,,,,,,,,,,,,,,,,,,,,,,,,,,,,,,,,,
420.0,00,B,1605.02,1605.02,0100C,420/0/81,200.0,90/90,B,2,KeinHersteller,Nichtlesbar,nein,nein,nein,keinNr.,D/D,Nein,Ja,Ja,Nein,Nein,,42000B1605.02,42000B1605.02,,,,,,,,,,,,,,,,,,,,,,,,,,,,,,,,,,,,,,,,,,,,,,,,
420.0,00,B,1505.02,1505.02,010B,Nichtvorhanden,200.0,102,B,1,KeinHersteller,Nichtlesbar,nein,nein,nein,keinNr.,D/D,Nein,Nein,Nein,Nein,Nein,,42000B1505.02,42000B1505.02,,,,,,,,,,,,,,,,,,,,,,,,,,,,,,,,,,,,,,,,,,,,,,,,
420.0,00,B,1505.01,keineNr.,keineNr.,Nichtvorhanden,200.0,100,Z,1,KeinHersteller,Nichtlesbar,nein,nein,nein,keinNr.,D/D,Nein,Nein,Nein,Nein,Nein,,42000B1505.01,42000BkeineNr.,,,,,,,,,,,,,,,,,,,,,,,,,,,,,,,,,,,,,,,,,,,,,,,,
420.0,00,B,1607.02,1607.02,010A,Nichtvorhanden,220.0,85,Z,1,KeinHersteller,Nichtlesbar,nein,nein,ja,13,D/K,Nein,Nein,Nein,Nein,Nein,,42000B1607.02,42000B1607.02,,,,,,,,,,,,,,,,,,,,,,,,,,,,,,,,,,,,,,,,,,,,,,,,
420.0,00,B,keineNr.,1607.04,0100D,Nichtvorhanden,500.0,320,NichtVorhanden,1,KeinHersteller,Nichtlesbar,nein,nein,nein,keinNr.,nein,Nein,Nein,Nein,Nein,Nein,FalttürenichtamPlan,42000BkeineNr.,42000B1607.04,,,,,,,,,,,,,,,,,,,,,,,,,,,,,,,,,,,,,,,,,,,,,,,,
420.0,00,B,1607.03,1607.03,01001,420/0/79,320.0,320,NichtVorhanden,1,KeinHersteller,Nichtlesbar,nein,ja,nein,keinNr.,nein,Nein,Nein,Nein,Nein,Nein,keineHerstellerangaben,42000B1607.03,42000B1607.03,,,,,,,,,,,,,,,,,,,,,,,,,,,,,,,,,,,,,,,,,,,,,,,,
420.0,00,B,1808.01,1808.01,0101A,Nichtvorhanden,200.0,85,Z,1,KeinHersteller,Nichtlesbar,nein,nein,nein,keinNr.,D/D,Nein,Nein,Nein,Nein,Nein,,42000B1808.01,42000B1808.01,,,,,,,,,,,,,,,,,,,,,,,,,,,,,,,,,,,,,,,,,,,,,,,,
420.0,00,B,1808.02,1808.02,0101B,Nichtvorhanden,200.0,85,B,1,KeinHersteller,Nichtlesbar,nein,nein,nein,keinNr.,K/K,Nein,Nein,Nein,Nein,Nein,,42000B1808.02,42000B1808.02,,,,,,,,,,,,,,,,,,,,,,,,,,,,,,,,,,,,,,,,,,,,,,,,
420.0,00,B,1805.01,1805.01,102,Nichtvorhanden,220.0,85,Z/S,1,KeinHersteller,Nichtlesbar,nein,nein,ja,14,D/K,Nein,Nein,Nein,Nein,Nein,,42000B1805.01,42000B1805.01,,,,,,,,,,,,,,,,,,,,,,,,,,,,,,,,,,,,,,,,,,,,,,,,
420.0,00,B,2605.01,2605.01,0102A,420/0/78,320.0,320,NichtVorhanden,1,KeinHersteller,Nichtlesbar,nein,ja,nein,keinNr.,nein,Nein,Nein,Nein,Nein,Nein,keineHerstellerangaben,42000B2605.01,42000B2605.01,,,,,,,,,,,,,,,,,,,,,,,,,,,,,,,,,,,,,,,,,,,,,,,,
420.0,00,B,2605.02,2605.02,0103A,Nichtvorhanden,220.0,85,Z,1,KeinHersteller,Nichtlesbar,nein,nein,nein,keinNr.,K/D,Nein,Nein,Nein,Nein,Nein,,42000B2605.02,42000B2605.02,,,,,,,,,,,,,,,,,,,,,,,,,,,,,,,,,,,,,,,,,,,,,,,,
420.0,00,B,2605.03,2605.03,0103C,Nichtvorhanden,500.0,420,NichtVorhanden,1,KeinHersteller,Nichtlesbar,nein,nein,nein,keinNr.,nein,Nein,Nein,Nein,Nein,Nein,,42000B2605.03,42000B2605.03,,,,,,,,,,,,,,,,,,,,,,,,,,,,,,,,,,,,,,,,,,,,,,,,
420.0,00,B,2605.04,2605.04,0103,Nichtvorhanden,220.0,85,Z,1,KeinHersteller,Nichtlesbar,nein,nein,ja,7,D/K,Nein,Nein,Nein,Nein,Nein,,42000B2605.04,42000B2605.04,,,,,,,,,,,,,,,,,,,,,,,,,,,,,,,,,,,,,,,,,,,,,,,,
420.0,00,B,2605.05,2605.05,0103B,Nichtvorhanden,500.0,420,NichtVorhanden,1,KeinHersteller,Nichtlesbar,nein,nein,nein,keinNr.,nein,Nein,Nein,Nein,Nein,Nein,,42000B2605.05,42000B2605.05,,,,,,,,,,,,,,,,,,,,,,,,,,,,,,,,,,,,,,,,,,,,,,,,
420.0,00,B,2704.01,2704.01,0104,Nichtvorhanden,200.0,93,Z,1,KeinHersteller,Nichtlesbar,nein,nein,nein,keinNr.,D/K,Nein,Nein,Nein,Nein,Nein,,42000B2704.01,42000B2704.01,,,,,,,,,,,,,,,,,,,,,,,,,,,,,,,,,,,,,,,,,,,,,,,,
420.0,00,A,4601.01,keineNr.,0A4601.01,Nichtvorhanden,300.0,150/150,Z,2,Techentrup,202210000001289880,EI290,nein,nein,keineNr.,D/D,Nein,Nein,Nein,Nein,Nein,ContainerÖllagerbeiKFZWerkstätte,42000A4601.01,42000AkeineNr.,,,,,,,,,,,,,,,,,,,,,,,,,,,,,,,,,,,,,,,,,,,,,,,,
420.0,Z1,A,4410.01,4410.01,055C,keineNr.,200.0,90,Z,1,keinHersteller,keineNr.,nein,nein,nein,keineNr.,D/D,nein,nein,nein,nein,nein,,420Z1A4410.01,420Z1A4410.01,,,,,,,,,,,,,,,,,,,,,,,,,,,,,,,,,,,,,,,,,,,,,,,,
420.0,01,A,0516.01,keineNr.,102,Nichtvorhanden,200.0,80,B,1,KeinHersteller,Nichtlesbar,nein,ja,nein,keineNr.,D/D,Nein,Nein,Nein,Nein,Nein,keineHerstellerangaben,42001A0516.01,42001AkeineNr.,,,,,,,,,,,,,,,,,,,,,,,,,,,,,,,,,,,,,,,,,,,,,,,,
420.0,01,A,0517.01,0510.01,102B,Nichtvorhanden,200.0,70,WC,1,KeinHersteller,Nichtlesbar,nein,nein,nein,keineNr.,D/D,Nein,Nein,Nein,Nein,Nein,,42001A0517.01,42001A0510.01,,,,,,,,,,,,,,,,,,,,,,,,,,,,,,,,,,,,,,,,,,,,,,,,
420.0,01,A,0517.02,0517.02,102C,Nichtvorhanden,200.0,60,WC,1,KeinHersteller,Nichtlesbar,nein,nein,nein,keineNr.,D/D,Nein,Nein,Nein,Nein,Nein,,42001A0517.02,42001A0517.02,,,,,,,,,,,,,,,,,,,,,,,,,,,,,,,,,,,,,,,,,,,,,,,,
420.0,01,A,0616.01,0616.01,102A,Nichtvorhanden,200.0,70,Z,1,KeinHersteller,Nichtlesbar,nein,nein,nein,keineNr.,D/D,Nein,Nein,Nein,Nein,Nein,,42001A0616.01,42001A0616.01,,,,,,,,,,,,,,,,,,,,,,,,,,,,,,,,,,,,,,,,,,,,,,,,
420.0,01,A,0416.01,0416.01,101,420/1/2,200.0,90/90,B,2,KeinHersteller,Nichtlesbar,nein,ja,ja,6,D/D,Nein,Nein,Nein,Nein,Nein,keineHerstellerangaben,42001A0416.01,42001A0416.01,,,,,,,,,,,,,,,,,,,,,,,,,,,,,,,,,,,,,,,,,,,,,,,,
420.0,01,A,0414.01,0414.01,103A,Nichtvorhanden,200.0,90/90,Z/S,2,KeinHersteller,Nichtlesbar,nein,nein,ja,5,D/D,Nein,Nein,Nein,Nein,Ja,,42001A0414.01,42001A0414.01,,,,,,,,,,,,,,,,,,,,,,,,,,,,,,,,,,,,,,,,,,,,,,,,
420.0,01,A,0414.02,0414.02,103B,420/1/3,200.0,100,B,1,KeinHersteller,Nichtlesbar,nein,ja,nein,keineNr.,D/D,Nein,Nein,Nein,Nein,Nein,keineHerstellerangaben,42001A0414.02,42001A0414.02,,,,,,,,,,,,,,,,,,,,,,,,,,,,,,,,,,,,,,,,,,,,,,,,
420.0,01,A,0512.01,0512.01,keineNr.,Nichtvorhanden,200.0,90,B,1,KeinHersteller,Nichtlesbar,nein,nein,nein,keineNr.,D/D,Nein,Nein,Nein,Nein,Nein,,42001A0512.01,42001A0512.01,,,,,,,,,,,,,,,,,,,,,,,,,,,,,,,,,,,,,,,,,,,,,,,,
420.0,01,A,0512.02,0512.02,keineNr.,Nichtvorhanden,200.0,70,WC,1,KeinHersteller,Nichtlesbar,nein,nein,nein,keineNr.,D/D,Nein,Nein,Nein,Nein,Nein,,42001A0512.02,42001A0512.02,,,,,,,,,,,,,,,,,,,,,,,,,,,,,,,,,,,,,,,,,,,,,,,,
420.0,01,A,0512.03,0512.03,keineNr.,Nichtvorhanden,200.0,70,WC,1,KeinHersteller,Nichtlesbar,nein,nein,nein,keineNr.,D/D,Nein,Nein,Nein,Nein,Nein,,42001A0512.03,42001A0512.03,,,,,,,,,,,,,,,,,,,,,,,,,,,,,,,,,,,,,,,,,,,,,,,,
420.0,01,A,0512.04,0512.04,keineNr.,Nichtvorhanden,200.0,70,WC,1,KeinHersteller,Nichtlesbar,nein,nein,nein,keineNr.,D/D,Nein,Nein,Nein,Nein,Nein,,42001A0512.04,42001A0512.04,,,,,,,,,,,,,,,,,,,,,,,,,,,,,,,,,,,,,,,,,,,,,,,,
420.0,01,A,0512.05,0512.05,keineNr.,Nichtvorhanden,200.0,70,WC,1,KeinHersteller,Nichtlesbar,nein,nein,nein,keineNr.,D/D,Nein,Nein,Nein,Nein,Nein,,42001A0512.05,42001A0512.05,,,,,,,,,,,,,,,,,,,,,,,,,,,,,,,,,,,,,,,,,,,,,,,,
420.0,01,A,0512.06,0512.06,keineNr.,Nichtvorhanden,200.0,70,WC,1,KeinHersteller,Nichtlesbar,nein,nein,nein,keineNr.,D/D,Nein,Nein,Nein,Nein,Nein,,42001A0512.06,42001A0512.06,,,,,,,,,,,,,,,,,,,,,,,,,,,,,,,,,,,,,,,,,,,,,,,,
420.0,01,A,0510.01,0510.01,105,Nichtvorhanden,200.0,90,B,1,KeinHersteller,Nichtlesbar,nein,nein,nein,keineNr.,D/D,Nein,Nein,Nein,Nein,Nein,,42001A0510.01,42001A0510.01,,,,,,,,,,,,,,,,,,,,,,,,,,,,,,,,,,,,,,,,,,,,,,,,
420.0,01,A,0230.01,0230.01,116A,420/1/4,200.0,100/63,Z/S,2,KeinHersteller,Nichtlesbar,nein,ja,ja,3,D/D,Nein,Ja,Ja,Nein,Ja,keineHerstellerangaben,42001A0230.01,42001A0230.01,,,,,,,,,,,,,,,,,,,,,,,,,,,,,,,,,,,,,,,,,,,,,,,,
420.0,01,A,0334.01,0334.01,103,Nichtvorhanden,200.0,100,B,1,KeinHersteller,Nichtlesbar,nein,nein,ja,4,D/D,Nein,Nein,Nein,Nein,Nein,,42001A0334.01,42001A0334.01,,,,,,,,,,,,,,,,,,,,,,,,,,,,,,,,,,,,,,,,,,,,,,,,
420.0,01,A,0632.01,0632.01,105,Nichtvorhanden,200.0,90,B,1,KeinHersteller,Nichtlesbar,nein,nein,nein,keineNr.,D/D,Nein,Nein,Nein,Nein,Nein,,42001A0632.01,42001A0632.01,,,,,,,,,,,,,,,,,,,,,,,,,,,,,,,,,,,,,,,,,,,,,,,,
420.0,01,A,0630.01,0630.01,107,Nichtvorhanden,200.0,90,B,1,KeinHersteller,Nichtlesbar,nein,nein,nein,keineNr.,D/D,Nein,Nein,Nein,Nein,Nein,,42001A0630.01,42001A0630.01,,,,,,,,,,,,,,,,,,,,,,,,,,,,,,,,,,,,,,,,,,,,,,,,
420.0,01,A,0330.01,0330.01,keineNr.,Nichtvorhanden,200.0,90,B,1,KeinHersteller,Nichtlesbar,nein,nein,nein,keineNr.,D/D,Nein,Nein,Nein,Nein,Nein,,42001A0330.01,42001A0330.01,,,,,,,,,,,,,,,,,,,,,,,,,,,,,,,,,,,,,,,,,,,,,,,,
420.0,01,A,0330.02,0330.02,keineNr.,Nichtvorhanden,200.0,60,WC,1,KeinHersteller,Nichtlesbar,nein,nein,nein,keineNr.,D/D,Nein,Nein,Nein,Nein,Nein,,42001A0330.02,42001A0330.02,,,,,,,,,,,,,,,,,,,,,,,,,,,,,,,,,,,,,,,,,,,,,,,,
420.0,01,A,0330.03,0330.03,keineNr.,Nichtvorhanden,200.0,60,WC,1,KeinHersteller,Nichtlesbar,nein,nein,nein,keineNr.,D/D,Nein,Nein,Nein,Nein,Nein,,42001A0330.03,42001A0330.03,,,,,,,,,,,,,,,,,,,,,,,,,,,,,,,,,,,,,,,,,,,,,,,,
420.0,01,A,0330.04,0330.04,keineNr.,Nichtvorhanden,200.0,60,WC,1,KeinHersteller,Nichtlesbar,nein,nein,nein,keineNr.,D/D,Nein,Nein,Nein,Nein,Nein,,42001A0330.04,42001A0330.04,,,,,,,,,,,,,,,,,,,,,,,,,,,,,,,,,,,,,,,,,,,,,,,,
420.0,01,A,0330.05,0330.05,keineNr.,Nichtvorhanden,200.0,60,WC,1,KeinHersteller,Nichtlesbar,nein,nein,nein,keineNr.,D/D,Nein,Nein,Nein,Nein,Nein,,42001A0330.05,42001A0330.05,,,,,,,,,,,,,,,,,,,,,,,,,,,,,,,,,,,,,,,,,,,,,,,,
420.0,01,A,0330.06,0330.06,keineNr.,Nichtvorhanden,200.0,60,WC,1,KeinHersteller,Nichtlesbar,nein,nein,nein,keineNr.,D/D,Nein,Nein,Nein,Nein,Nein,,42001A0330.06,42001A0330.06,,,,,,,,,,,,,,,,,,,,,,,,,,,,,,,,,,,,,,,,,,,,,,,,
420.0,01,A,0330.07,0330.07,keineNr.,Nichtvorhanden,200.0,60,WC,1,KeinHersteller,Nichtlesbar,nein,nein,nein,keineNr.,D/D,Nein,Nein,Nein,Nein,Nein,,42001A0330.07,42001A0330.07,,,,,,,,,,,,,,,,,,,,,,,,,,,,,,,,,,,,,,,,,,,,,,,,
420.0,01,A,0222.01,0222.01,keineNr.,Nichtvorhanden,200.0,95,B,1,KeinHersteller,Nichtlesbar,nein,nein,ja,1,D/D,Nein,Nein,Nein,Nein,Nein,,42001A0222.01,42001A0222.01,,,,,,,,,,,,,,,,,,,,,,,,,,,,,,,,,,,,,,,,,,,,,,,,
420.0,01,A,0628.01,keineNr.,keineNr.,Nichtvorhanden,200.0,90,B,1,KeinHersteller,Nichtlesbar,nein,nein,nein,keineNr.,D/D,Nein,Nein,Nein,Nein,Nein,,42001A0628.01,42001AkeineNr.,,,,,,,,,,,,,,,,,,,,,,,,,,,,,,,,,,,,,,,,,,,,,,,,
420.0,01,A,0222.02,0222.02,110A,420/1/5,200.0,100/65,Z/S,2,KeinHersteller,Nichtlesbar,nein,ja,ja,2,D/D,Nein,Nein,Nein,Nein,Nein,keineHerstellerangaben,42001A0222.02,42001A0222.02,,,,,,,,,,,,,,,,,,,,,,,,,,,,,,,,,,,,,,,,,,,,,,,,
420.0,02,A,0416.02,0416.02,216,420/2/2,210.0,90/40,B,2,KeinHersteller,Nichtlesbar,nein,ja,ja,6,D/D,Nein,Ja,Ja,Nein,Nein,keineHerstellerangaben,42002A0416.02,42002A0416.02,,,,,,,,,,,,,,,,,,,,,,,,,,,,,,,,,,,,,,,,,,,,,,,,
420.0,02,A,0714.01,0714.01,212A,420/2/3,210.0,100,B,1,KeinHersteller,Nichtlesbar,nein,ja,nein,KeineNr.,D/D,Nein,Nein,Nein,Nein,Nein,keineHerstellerangaben,42002A0714.01,42002A0714.01,,,,,,,,,,,,,,,,,,,,,,,,,,,,,,,,,,,,,,,,,,,,,,,,
420.0,02,A,0515.01,0515.01,213,Nichtvorhanden,200.0,80,B,1,KeinHersteller,Nichtlesbar,nein,nein,nein,KeineNr.,D/D,Nein,Nein,Nein,Nein,Nein,,42002A0515.01,42002A0515.01,,,,,,,,,,,,,,,,,,,,,,,,,,,,,,,,,,,,,,,,,,,,,,,,
420.0,02,A,0515.02,0515.02,keineNr.,Nichtvorhanden,200.0,70,WC,1,KeinHersteller,Nichtlesbar,nein,nein,nein,KeineNr.,D/D,Nein,Nein,Nein,Nein,Nein,,42002A0515.02,42002A0515.02,,,,,,,,,,,,,,,,,,,,,,,,,,,,,,,,,,,,,,,,,,,,,,,,
420.0,02,A,0515.03,0515.03,keineNr.,Nichtvorhanden,200.0,70,WC,1,KeinHersteller,Nichtlesbar,nein,nein,nein,KeineNr.,D/D,Nein,Nein,Nein,Nein,Nein,,42002A0515.03,42002A0515.03,,,,,,,,,,,,,,,,,,,,,,,,,,,,,,,,,,,,,,,,,,,,,,,,
420.0,02,A,0616.01,0616.01,214,Nichtvorhanden,200.0,90,WC,1,KeinHersteller,Nichtlesbar,nein,nein,nein,KeineNr.,D/D,Nein,Nein,Nein,Nein,Nein,,42002A0616.01,42002A0616.01,,,,,,,,,,,,,,,,,,,,,,,,,,,,,,,,,,,,,,,,,,,,,,,,
420.0,02,A,0715.01,0715.01,215,Nichtvorhanden,200.0,80,WC,1,KeinHersteller,Nichtlesbar,nein,nein,nein,KeineNr.,D/D,Nein,Nein,Nein,Nein,Nein,,42002A0715.01,42002A0715.01,,,,,,,,,,,,,,,,,,,,,,,,,,,,,,,,,,,,,,,,,,,,,,,,
420.0,02,A,0715.02,0715.02,keineNr.,Nichtvorhanden,200.0,70,WC,1,KeinHersteller,Nichtlesbar,nein,nein,nein,KeineNr.,D/D,Nein,Nein,Nein,Nein,Nein,,42002A0715.02,42002A0715.02,,,,,,,,,,,,,,,,,,,,,,,,,,,,,,,,,,,,,,,,,,,,,,,,
420.0,02,A,0214.01,0214.01,211,Nichtvorhanden,200.0,90,Z/S,1,KeinHersteller,Nichtlesbar,nein,nein,nein,KeineNr.,D/D,Nein,Nein,Nein,Nein,Nein,,42002A0214.01,42002A0214.01,,,,,,,,,,,,,,,,,,,,,,,,,,,,,,,,,,,,,,,,,,,,,,,,
420.0,02,A,KeineNr.,KeineNr.,keineNr.,Nichtvorhanden,200.0,95,B,1,KeinHersteller,Nichtlesbar,nein,nein,nein,KeineNr.,D/D,Nein,Nein,Nein,Nein,Nein,,42002AKeineNr.,42002AKeineNr.,,,,,,,,,,,,,,,,,,,,,,,,,,,,,,,,,,,,,,,,,,,,,,,,
420.0,02,A,0211.01,0211.01,207,Nichtvorhanden,200.0,80,Z,1,KeinHersteller,Nichtlesbar,nein,nein,nein,KeineNr.,D/D,Nein,Nein,Nein,Nein,Nein,,42002A0211.01,42002A0211.01,,,,,,,,,,,,,,,,,,,,,,,,,,,,,,,,,,,,,,,,,,,,,,,,
420.0,02,A,KeinNr.,KeinNr.,keineNr.,Nichtvorhanden,200.0,95,Z,1,KeinHersteller,Nichtlesbar,nein,nein,nein,KeineNr.,D/D,Nein,Nein,Nein,Nein,Nein,,42002AKeinNr.,42002AKeinNr.,,,,,,,,,,,,,,,,,,,,,,,,,,,,,,,,,,,,,,,,,,,,,,,,
420.0,02,A,0209.01,0209.01,205,Nichtvorhanden,200.0,80,Z,1,KeinHersteller,Nichtlesbar,nein,nein,nein,KeineNr.,D/D,Nein,Nein,Nein,Nein,Nein,,42002A0209.01,42002A0209.01,,,,,,,,,,,,,,,,,,,,,,,,,,,,,,,,,,,,,,,,,,,,,,,,
420.0,02,A,0202.01,0202.01,200,Nichtvorhanden,200.0,90,B/S,1,KeinHersteller,Nichtlesbar,nein,nein,nein,KeineNr.,D/D,Nein,Nein,Nein,Nein,Nein,,42002A0202.01,42002A0202.01,,,,,,,,,,,,,,,,,,,,,,,,,,,,,,,,,,,,,,,,,,,,,,,,
420.0,02,A,0502.01,0502.01,201,Nichtvorhanden,200.0,90,Z/S,1,KeinHersteller,Nichtlesbar,nein,nein,nein,KeineNr.,D/D,Nein,Nein,Nein,Nein,Nein,,42002A0502.01,42002A0502.01,,,,,,,,,,,,,,,,,,,,,,,,,,,,,,,,,,,,,,,,,,,,,,,,
420.0,02,A,0504.01,0504.01,202,Nichtvorhanden,200.0,80,Z/S,1,KeinHersteller,Nichtlesbar,nein,nein,nein,KeineNr.,D/D,Nein,Nein,Nein,Nein,Nein,,42002A0504.01,42002A0504.01,,,,,,,,,,,,,,,,,,,,,,,,,,,,,,,,,,,,,,,,,,,,,,,,
420.0,02,A,0507.01,0507.01,203,Nichtvorhanden,200.0,80,Z,1,KeinHersteller,Nichtlesbar,nein,nein,nein,KeineNr.,D/D,Nein,Nein,Nein,Nein,Nein,,42002A0507.01,42002A0507.01,,,,,,,,,,,,,,,,,,,,,,,,,,,,,,,,,,,,,,,,,,,,,,,,
420.0,02,A,0509.01,0509.01,206,Nichtvorhanden,200.0,80,Z,1,KeinHersteller,Nichtlesbar,nein,nein,nein,KeineNr.,D/D,Nein,Nein,Nein,Nein,Nein,,42002A0509.01,42002A0509.01,,,,,,,,,,,,,,,,,,,,,,,,,,,,,,,,,,,,,,,,,,,,,,,,
420.0,02,A,0612.01,0612.01,208,Nichtvorhanden,200.0,95,B,1,KeinHersteller,Nichtlesbar,nein,nein,nein,KeineNr.,D/D,Nein,Nein,Nein,Nein,Nein,,42002A0612.01,42002A0612.01,,,,,,,,,,,,,,,,,,,,,,,,,,,,,,,,,,,,,,,,,,,,,,,,
420.0,02,A,0513.01,KeineNr.,210,Nichtvorhanden,200.0,80,Nichts,0,KeinHersteller,Nichtlesbar,nein,nein,nein,KeineNr.,0/0,Nein,Nein,Nein,Nein,Nein,"KeineTür,KeineNummer",42002A0513.01,42002AKeineNr.,,,,,,,,,,,,,,,,,,,,,,,,,,,,,,,,,,,,,,,,,,,,,,,,
420.0,02,A,0513.02,KeineNr.,210A,Nichtvorhanden,200.0,90,Z,1,KeinHersteller,Nichtlesbar,nein,nein,nein,KeineNr.,0/0,Nein,Nein,Nein,Nein,Nein,,42002A0513.02,42002AKeineNr.,,,,,,,,,,,,,,,,,,,,,,,,,,,,,,,,,,,,,,,,,,,,,,,,
420.0,02,A,0414.01,0414.01,209,Nichtvorhanden,210.0,90/40,Z,2,KeinHersteller,Nichtlesbar,nein,nein,ja,7,D/K,Nein,Nein,Nein,Nein,Nein,,42002A0414.01,42002A0414.01,,,,,,,,,,,,,,,,,,,,,,,,,,,,,,,,,,,,,,,,,,,,,,,,
420.0,02,A,0416.01,0416.01,217,420/2/1,210.0,90/40,Z,2,KeinHersteller,Nichtlesbar,nein,ja,ja,5,D/D,Nein,Ja,Ja,Nein,Nein,keineHerstellerangaben,42002A0416.01,42002A0416.01,,,,,,,,,,,,,,,,,,,,,,,,,,,,,,,,,,,,,,,,,,,,,,,,
420.0,02,A,0517.01,0517.01,218,Nichtvorhanden,200.0,90,Z,1,KeinHersteller,Nichtlesbar,nein,nein,nein,KeineNr.,D/D,Nein,Nein,Nein,Nein,Nein,,42002A0517.01,42002A0517.01,,,,,,,,,,,,,,,,,,,,,,,,,,,,,,,,,,,,,,,,,,,,,,,,
420.0,02,A,0617.01,0617.01,218A,Nichtvorhanden,200.0,90,Z,1,KeinHersteller,Nichtlesbar,nein,ja,nein,KeineNr.,D/D,Nein,Nein,Nein,Nein,Nein,keineHerstellerangaben,42002A0617.01,42002A0617.01,,,,,,,,,,,,,,,,,,,,,,,,,,,,,,,,,,,,,,,,,,,,,,,,
420.0,02,A,0618.01,0618.01,218B,Nichtvorhanden,200.0,90,Z,1,KeinHersteller,Nichtlesbar,nein,ja,nein,KeineNr.,D/D,Nein,Nein,Nein,Nein,Nein,keineHerstellerangaben,42002A0618.01,42002A0618.01,,,,,,,,,,,,,,,,,,,,,,,,,,,,,,,,,,,,,,,,,,,,,,,,
420.0,02,A,0217.01,0217.01,219,Nichtvorhanden,200.0,80,Z/S,1,KeinHersteller,Nichtlesbar,nein,nein,nein,KeineNr.,D/D,Nein,Nein,Nein,Nein,Nein,,42002A0217.01,42002A0217.01,,,,,,,,,,,,,,,,,,,,,,,,,,,,,,,,,,,,,,,,,,,,,,,,
420.0,02,A,0519.01,0519.01,220,Nichtvorhanden,200.0,80,Z/S,1,KeinHersteller,Nichtlesbar,nein,nein,nein,KeineNr.,D/D,Nein,Nein,Nein,Nein,Nein,,42002A0519.01,42002A0519.01,,,,,,,,,,,,,,,,,,,,,,,,,,,,,,,,,,,,,,,,,,,,,,,,
420.0,02,A,0217.02,KeineNr.,219A,Nichtvorhanden,200.0,95,Nichts,1,KeinHersteller,Nichtlesbar,nein,nein,nein,KeineNr.,D/D,Nein,Nein,Nein,Nein,Nein,,42002A0217.02,42002AKeineNr.,,,,,,,,,,,,,,,,,,,,,,,,,,,,,,,,,,,,,,,,,,,,,,,,
420.0,02,A,0220.01,0220.01,221,Nichtvorhanden,200.0,80,Z/S,1,KeinHersteller,Nichtlesbar,nein,nein,nein,KeineNr.,D/D,Nein,Nein,Nein,Nein,Nein,,42002A0220.01,42002A0220.01,,,,,,,,,,,,,,,,,,,,,,,,,,,,,,,,,,,,,,,,,,,,,,,,
420.0,02,A,0222.01,0222.01,223,Nichtvorhanden,200.0,80,Z/S,1,KeinHersteller,Nichtlesbar,nein,nein,nein,KeineNr.,D/D,Nein,Nein,Nein,Nein,Nein,,42002A0222.01,42002A0222.01,,,,,,,,,,,,,,,,,,,,,,,,,,,,,,,,,,,,,,,,,,,,,,,,
420.0,02,A,0222.02,0222.02,223A,Nichtvorhanden,200.0,80,B,1,KeinHersteller,Nichtlesbar,nein,nein,nein,KeineNr.,D/D,Nein,Nein,Nein,Nein,Nein,,42002A0222.02,42002A0222.02,,,,,,,,,,,,,,,,,,,,,,,,,,,,,,,,,,,,,,,,,,,,,,,,
420.0,02,A,0522.01,0522.01,222,Nichtvorhanden,200.0,80,Z,1,KeinHersteller,Nichtlesbar,nein,nein,nein,KeineNr.,D/D,Nein,Nein,Nein,Nein,Nein,,42002A0522.01,42002A0522.01,,,,,,,,,,,,,,,,,,,,,,,,,,,,,,,,,,,,,,,,,,,,,,,,
420.0,02,A,0524.01,0524.01,224,Nichtvorhanden,200.0,80,Z/S,1,KeinHersteller,Nichtlesbar,nein,nein,nein,KeineNr.,D/D,Nein,Nein,Nein,Nein,Nein,,42002A0524.01,42002A0524.01,,,,,,,,,,,,,,,,,,,,,,,,,,,,,,,,,,,,,,,,,,,,,,,,
420.0,02,A,0224.01,0224.01,225,Nichtvorhanden,200.0,80,B/S,1,KeinHersteller,Nichtlesbar,nein,nein,nein,KeineNr.,D/D,Nein,Nein,Nein,Nein,Nein,,42002A0224.01,42002A0224.01,,,,,,,,,,,,,,,,,,,,,,,,,,,,,,,,,,,,,,,,,,,,,,,,
420.0,02,A,0226.01,0226.01,225A,Nichtvorhanden,200.0,80,Z,1,KeinHersteller,Nichtlesbar,nein,nein,nein,KeineNr.,D/D,Nein,Nein,Nein,Nein,Nein,,42002A0226.01,42002A0226.01,,,,,,,,,,,,,,,,,,,,,,,,,,,,,,,,,,,,,,,,,,,,,,,,
420.0,02,A,0524.02,0526.01,226,Nichtvorhanden,200.0,80,Z,1,KeinHersteller,Nichtlesbar,nein,nein,nein,KeineNr.,D/D,Nein,Nein,Nein,Nein,Nein,,42002A0524.02,42002A0526.01,,,,,,,,,,,,,,,,,,,,,,,,,,,,,,,,,,,,,,,,,,,,,,,,
420.0,02,A,0430.02,KeineNr.,keineNr.,Nichtvorhanden,200.0,90/40,Z/S,2,KeinHersteller,Nichtlesbar,nein,nein,ja,3,D/D,Nein,Nein,Nein,Nein,Nein,,42002A0430.02,42002AKeineNr.,,,,,,,,,,,,,,,,,,,,,,,,,,,,,,,,,,,,,,,,,,,,,,,,
420.0,02,A,0228.01,0228.01,227,Nichtvorhanden,200.0,80,Z,1,KeinHersteller,Nichtlesbar,nein,nein,nein,KeineNr.,D/D,Nein,Nein,Nein,Nein,Nein,,42002A0228.01,42002A0228.01,,,,,,,,,,,,,,,,,,,,,,,,,,,,,,,,,,,,,,,,,,,,,,,,
420.0,02,A,0529.01,0529.01,228,Nichtvorhanden,200.0,80,Z,1,KeinHersteller,Nichtlesbar,nein,nein,nein,KeineNr.,D/D,Nein,Nein,Nein,Nein,Nein,,42002A0529.01,42002A0529.01,,,,,,,,,,,,,,,,,,,,,,,,,,,,,,,,,,,,,,,,,,,,,,,,
420.0,02,A,0330.01,0330.01,229,Nichtvorhanden,200.0,80,B,1,KeinHersteller,Nichtlesbar,nein,nein,nein,KeineNr.,D/D,Nein,Nein,Nein,Nein,Nein,,42002A0330.01,42002A0330.01,,,,,,,,,,,,,,,,,,,,,,,,,,,,,,,,,,,,,,,,,,,,,,,,
420.0,02,A,0331.01,0331.01,229B,Nichtvorhanden,200.0,70,WC,1,KeinHersteller,Nichtlesbar,nein,nein,nein,KeineNr.,D/D,Nein,Nein,Nein,Nein,Nein,,42002A0331.01,42002A0331.01,,,,,,,,,,,,,,,,,,,,,,,,,,,,,,,,,,,,,,,,,,,,,,,,
420.0,02,A,0331.02,0331.02,keineNr.,Nichtvorhanden,200.0,70,WC,1,KeinHersteller,Nichtlesbar,nein,nein,nein,KeineNr.,D/D,Nein,Nein,Nein,Nein,Nein,,42002A0331.02,42002A0331.02,,,,,,,,,,,,,,,,,,,,,,,,,,,,,,,,,,,,,,,,,,,,,,,,
420.0,02,A,0330.02,0330.02,229A,Nichtvorhanden,200.0,80,WC,1,KeinHersteller,Nichtlesbar,nein,nein,nein,KeineNr.,D/D,Nein,Nein,Nein,Nein,Nein,,42002A0330.02,42002A0330.02,,,,,,,,,,,,,,,,,,,,,,,,,,,,,,,,,,,,,,,,,,,,,,,,
420.0,02,A,0230.02,0230.02,keineNr.,Nichtvorhanden,200.0,70,WC,1,KeinHersteller,Nichtlesbar,nein,nein,nein,KeineNr.,D/D,Nein,Nein,Nein,Nein,Nein,,42002A0230.02,42002A0230.02,,,,,,,,,,,,,,,,,,,,,,,,,,,,,,,,,,,,,,,,,,,,,,,,
420.0,02,A,0430.01,0430.01,keineNr.,Nichtvorhanden,210.0,40/90,Z,2,KeinHersteller,Nichtlesbar,nein,nein,ja,2,D/D,Nein,Nein,Nein,Nein,Nein,,42002A0430.01,42002A0430.01,,,,,,,,,,,,,,,,,,,,,,,,,,,,,,,,,,,,,,,,,,,,,,,,
420.0,02,A,0632.01,0632.01,230,Nichtvorhanden,200.0,90,Z,1,KeinHersteller,Nichtlesbar,nein,nein,nein,KeineNr.,D/D,Nein,Nein,Nein,Nein,Nein,,42002A0632.01,42002A0632.01,,,,,,,,,,,,,,,,,,,,,,,,,,,,,,,,,,,,,,,,,,,,,,,,
420.0,02,A,0535.01,0535.01,234,Nichtvorhanden,200.0,80,Z,1,KeinHersteller,Nichtlesbar,nein,nein,ja,4,D/D,Nein,Nein,Nein,Nein,Nein,,42002A0535.01,42002A0535.01,,,,,,,,,,,,,,,,,,,,,,,,,,,,,,,,,,,,,,,,,,,,,,,,
420.0,02,A,0234.01,0234.01,233B,Nichtvorhanden,200.0,80,B,1,KeinHersteller,Nichtlesbar,nein,ja,nein,KeineNr.,D/D,Nein,Nein,Nein,Nein,Nein,keineHerstellerangaben,42002A0234.01,42002A0234.01,,,,,,,,,,,,,,,,,,,,,,,,,,,,,,,,,,,,,,,,,,,,,,,,
420.0,02,A,0335.01,KeinNr.,233B,Nichtvorhanden,200.0,80,Z,1,KeinHersteller,Nichtlesbar,nein,nein,nein,KeineNr.,D/D,Nein,Nein,Nein,Nein,Nein,,42002A0335.01,42002AKeinNr.,,,,,,,,,,,,,,,,,,,,,,,,,,,,,,,,,,,,,,,,,,,,,,,,
420.0,02,A,0235.01,0235.01,233A,Nichtvorhanden,200.0,80,Z,1,KeinHersteller,Nichtlesbar,nein,nein,nein,KeineNr.,D/D,Nein,Nein,Nein,Nein,Nein,,42002A0235.01,42002A0235.01,,,,,,,,,,,,,,,,,,,,,,,,,,,,,,,,,,,,,,,,,,,,,,,,
420.0,02,A,0132.01,0132.01,231,420/2/4,210.0,40/90,Z,2,KeinHersteller,Nichtlesbar,nein,ja,ja,1,D/D,Nein,Nein,Nein,Nein,Nein,keineHerstellerangaben,42002A0132.01,42002A0132.01,,,,,,,,,,,,,,,,,,,,,,,,,,,,,,,,,,,,,,,,,,,,,,,,
420.0,02,A,KeineNr.,0234.02,232,420/2/5,210.0,40/90,Z,2,KeinHersteller,Nichtlesbar,nein,nein,nein,KeineNr.,K/K,Nein,Nein,Nein,Nein,Nein,,42002AKeineNr.,42002A0234.02,,,,,,,,,,,,,,,,,,,,,,,,,,,,,,,,,,,,,,,,,,,,,,,,
420.0,02,A,0522.02,0522.02,022A,Nichtvorhanden,200.0,80,Z,1,KeinHersteller,Nichtlesbar,nein,nein,nein,KeineNr.,D/D,Nein,Nein,Nein,Nein,Nein,,42002A0522.02,42002A0522.02,,,,,,,,,,,,,,,,,,,,,,,,,,,,,,,,,,,,,,,,,,,,,,,,
420.0,02,A,0226.02,KeineNr.,025B,Nichtvorhanden,0.0,0,B,0,KeinHersteller,Nichtlesbar,nein,nein,nein,KeineNr.,nichtvorhanden,Nein,Nein,Nein,Nein,Nein,KeineTür,42002A0226.02,42002AKeineNr.,,,,,,,,,,,,,,,,,,,,,,,,,,,,,,,,,,,,,,,,,,,,,,,,
420.0,DA,A,0216.01,0216.01,KeineNr.,420/DG/1,200.0,90/40,Z,2,nichtLesbar,nichtLesbar,T30,ja,ja,3,D/D,nein,nein,nein,nein,nein,keineHerstellerangaben,420DAA0216.01,420DAA0216.01,,,,,,,,,,,,,,,,,,,,,,,,,,,,,,,,,,,,,,,,,,,,,,,,
420.0,DA,A,0213.02,0213.02,KeineNr.,keineNr.,200.0,80,Z,1,nichtLesbar,nichtLesbar,nein,nein,ja,2,D/D,nein,nein,nein,nein,nein,,420DAA0213.02,420DAA0213.02,,,,,,,,,,,,,,,,,,,,,,,,,,,,,,,,,,,,,,,,,,,,,,,,
420.0,DA,A,0213.01,0213.01,KeineNr.,keineNr.,200.0,80,Z,1,nichtLesbar,nichtLesbar,nein,nein,ja,1,D/D,nein,nein,nein,nein,nein,,420DAA0213.01,420DAA0213.01,,,,,,,,,,,,,,,,,,,,,,,,,,,,,,,,,,,,,,,,,,,,,,,,
420.0,DA,A,0714.01,keineNr.,KeineNr.,420/DG/2,220.0,145,nein,1/S,Steba,nichtLesbar,T30,ja,nein,keineNr.,nein,nein,ja,ja,nein,nein,keineSeriennummer,420DAA0714.01,420DAAkeineNr.,,,,,,,,,,,,,,,,,,,,,,,,,,,,,,,,,,,,,,,,,,,,,,,,
,0,,,,,,,,,,,,,,,,,,,,,,,4200A0201.01,,420.0,A0201.01,0K,1.0,Drehflügel#1,A0201,,STATUS0K_x001D__x001D__x001D_,2024-10-28,peD,DavidPESCHEK,,,,Peneder,T30,,,,,,,,,,,,,,,,,,,,,,,,,,,,,,,,
,0,,,,,,,,,,,,,,,,,,,,,,,4200A0203.01,,420.0,A0203.01,0K,1.0,Drehflügel#2,A0203,,STATUS0K_x001D__x001D__x001D_,2024-10-28,peD,DavidPESCHEK,,1.0,,Peneder,EI2-30-C,,,,,,,,,,,,,,,,,,,,,,,,,,,,,,,,
,0,,,,,,,,,,,,,,,,,,,,,,,4200A0803.01,,420.0,A0803.01,0K,1.0,Drehflügel#1,A0803,,STATUS0K_x001D__x001D__x001D_,2024-10-28,peD,DavidPESCHEK,,1.0,,Peneder,EI2-30-C,,,,,,,,,,,,,,,,,,,,,,,,,,,,,,,,
,0,,,,,,,,,,,,,,,,,,,,,,,4200A0803.02,,420.0,A0803.02,HINWEIS,21.0,Drehflügel#2,A0803,,STATUS0K_x001D_H000Freilauftürschließerhältnichtoffen(Spannung?)_x001D__x001D_,2024-10-28,peD,DavidPESCHEK,,1.0,,Fritscher,T30,,,,,,,,,,,,,,,,,,,,,,,,,,,,,,,,
,0,,,,,,,,,,,,,,,,,,,,,,,4200A0807.03,,420.0,A0807.03,0K,1.0,Drehflügel#2,A0807,,STATUS0K_x001D__x001D__x001D_,2024-10-28,peD,DavidPESCHEK,,,,Fritscher,T30,,,,,,,,,,,,,,,,,,,,,,,,,,,,,,,,
,0,,,,,,,,,,,,,,,,,,,,,,,4200A1106.01,,420.0,A1106.01,0K,1.0,Drehflügel#1,A1106,,STATUS0K_x001D__x001D__x001D_,2024-10-28,peD,DavidPESCHEK,,,,Peneder,EI2-30-C,,,,,,,,,,,,,,,,,,,,,,,,,,,,,,,,
,0,,,,,,,,,,,,,,,,,,,,,,,4200A1205.02,,420.0,A1205.02,0K,1.0,Drehflügel#1,A1205,,STATUS0K_x001D__x001D__x001D_,2024-10-28,peD,DavidPESCHEK,,,,_Unbekannt,Unbekannt,,,,,,,,,,,,,,,,,,,,,,,,,,,,,,,,
,0,,,,,,,,,,,,,,,,,,,,,,,4200A1205.03,,420.0,A1205.03,0K,1.0,Drehflügel#2,A1205,,STATUS0K_x001D__x001D__x001D_,2024-10-28,peD,DavidPESCHEK,,,,_Unbekannt,Unbekannt,,,,,,,,,,,,,,,,,,,,,,,,,,,,,,,,
,0,,,,,,,,,,,,,,,,,,,,,,,4200A1206.01,,420.0,A1206.01,HINWEIS,21.0,Drehflügel#2,A1206,,H000Stehflügelverriegelungfehlt_x001D__x001D__x001D_,2024-10-28,peD,DavidPESCHEK,,,,_Unbekannt,Unbekannt,,,,,,,,,,,,,,,,,,,,,,,,,,,,,,,,
,0,,,,,,,,,,,,,,,,,,,,,,,4200A1308.01,,420.0,A1308.01,0K,1.0,Drehflügel#2,A1308,,STATUS0K_x001D__x001D__x001D_,2024-10-31,peD,DavidPESCHEK,,,,_Unbekannt,Unbekannt,,,,,,,,,,,,,,,,,,,,,,,,,,,,,,,,
,0,,,,,,,,,,,,,,,,,,,,,,,4200A1308.02,,420.0,A1308.02,0K,1.0,Schiebetor#1,A1308,,STATUS0K_x001D__x001D__x001D_,2024-10-31,peD,DavidPESCHEK,,,1.0,_Unbekannt,Unbekannt,,,,,,,,,,,,,,,,,,,,,,,,,,,,,,,,
,0,,,,,,,,,,,,,,,,,,,,,,,4200A1405.01,,420.0,A1405.01,0K,1.0,Drehflügel#1,A1405,,STATUS0K_x001D__x001D__x001D_,2024-10-28,peD,DavidPESCHEK,,,,Peneder,EI2-30-C,,,,,,,,,,,,,,,,,,,,,,,,,,,,,,,,
,0,,,,,,,,,,,,,,,,,,,,,,,4200A1505.02,,420.0,A1505.02,HINWEIS,21.0,Drehflügel#1,A1405,,"H000Türe,verstellt_x001D__x001D__x001D_",2024-10-31,peD,DavidPESCHEK,,,,_Unbekannt,Unbekannt,,,,,,,,,,,,,,,,,,,,,,,,,,,,,,,,
,0,,,,,,,,,,,,,,,,,,,,,,,4200A1705.01,,420.0,A1705.01,MANGEL,11.0,Drehflügel#1,A1206,,M001Türmanipuliert(KlebebandimTürfalz)_x001D__x001D__x001D_,2024-10-28,peD,DavidPESCHEK,,,,_Unbekannt,Unbekannt,,,,,,,,,,,,,,,,,,,,,,,,,,,,,,,,
,0,,,,,,,,,,,,,,,,,,,,,,,4200A1710.02,,420.0,A1710.02,0K,1.0,Drehflügel#1,A1910,,STATUS0K_x001D__x001D__x001D_,2024-10-31,peD,DavidPESCHEK,,1.0,,Peneder,EI2-30-C,,,,,,,,,,,,,,,,,,,,,,,,,,,,,,,,
,0,,,,,,,,,,,,,,,,,,,,,,,4200A1910.01,,420.0,A1910.01,0K,1.0,Drehflügel#2,A1910,,STATUS0K_x001D__x001D__x001D_,2024-10-31,peD,DavidPESCHEK,,,,Domoferm,T30,,,,,,,,,,,,,,,,,,,,,,,,,,,,,,,,
,0,,,,,,,,,,,,,,,,,,,,,,,4200A2001.04,,420.0,A2001.04,HINWEIS,21.0,Drehflügel#1,A2001,,H000Türeverstellt_x001D__x001D__x001D_,2024-10-28,peD,DavidPESCHEK,,,,_Unbekannt,Unbekannt,,,,,,,,,,,,,,,,,,,,,,,,,,,,,,,,
,0,,,,,,,,,,,,,,,,,,,,,,,4200A2107.01,,420.0,A2107.01,0K,1.0,Drehflügel#1,A2107,,STATUS0K_x001D__x001D__x001D_,2024-10-28,peD,DavidPESCHEK,,,,_Unbekannt,Unbekannt,,,,,,,,,,,,,,,,,,,,,,,,,,,,,,,,
,0,,,,,,,,,,,,,,,,,,,,,,,4200A2110.01,,420.0,A2110.01,0K,1.0,Drehflügel#1,A2110,,STATUS0K_x001D__x001D__x001D_,2024-10-28,peD,DavidPESCHEK,,1.0,,TüranTür,T30,,,,,,,,,,,,,,,,,,,,,,,,,,,,,,,,
,0,,,,,,,,,,,,,,,,,,,,,,,4200A2114.01,,420.0,A2114.01,0K,1.0,Drehflügel#2,A2114,,STATUS0K_x001D__x001D__x001D_,2024-10-28,peD,DavidPESCHEK,,,1.0,Starmann,T30,,,,,,,,,,,,,,,,,,,,,,,,,,,,,,,,
,0,,,,,,,,,,,,,,,,,,,,,,,4200A2206.01,,420.0,A2206.01,0K,1.0,Drehflügel#1,A2206,,STATUS0K_x001D__x001D__x001D_,2024-10-31,peD,DavidPESCHEK,,,,_Unbekannt,T30,,,,,,,,,,,,,,,,,,,,,,,,,,,,,,,,
,0,,,,,,,,,,,,,,,,,,,,,,,4200A2207.01,,420.0,A2207.01,0K,1.0,Drehflügel#2,A1206,,STATUS0K_x001D__x001D__x001D_,2024-10-28,peD,DavidPESCHEK,,,1.0,Peneder,EI2-30-C,,,,,,,,,,,,,,,,,,,,,,,,,,,,,,,,
,0,,,,,,,,,,,,,,,,,,,,,,,4200A2208.01,,420.0,A2208.01,0K,1.0,Drehflügel#2,A2208,,STATUS0K_x001D__x001D__x001D_,2024-10-28,peD,DavidPESCHEK,,1.0,,Peneder,T30,,,,,,,,,,,,,,,,,,,,,,,,,,,,,,,,
,0,,,,,,,,,,,,,,,,,,,,,,,4200A2209.01,,420.0,A2209.01,0K,1.0,Drehflügel#1,A2208,,STATUS0K_x001D__x001D__x001D_,2024-10-31,peD,DavidPESCHEK,,,,Peneder,T30,,,,,,,,,,,,,,,,,,,,,,,,,,,,,,,,
,0,,,,,,,,,,,,,,,,,,,,,,,4200A2214.01,,420.0,A2214.01,0K,1.0,Drehflügel#2,A2214,,STATUS0K_x001D__x001D__x001D_,2024-10-28,peD,DavidPESCHEK,,1.0,1.0,Starmann,T30,,,,,,,,,,,,,,,,,,,,,,,,,,,,,,,,
,0,,,,,,,,,,,,,,,,,,,,,,,4200A2215.01,,420.0,A2215.01,0K,1.0,Drehflügel#1,A2215,,STATUS0K_x001D__x001D__x001D_,2024-10-28,peD,DavidPESCHEK,,,,_Unbekannt,T30,,,,,,,,,,,,,,,,,,,,,,,,,,,,,,,,
,0,,,,,,,,,,,,,,,,,,,,,,,4200A2601.02,,420.0,A2601.02,0K,1.0,Drehflügel#2,A2601,,STATUS0K_x001D__x001D__x001D_,2024-10-28,peD,DavidPESCHEK,,,1.0,EI2Protector,T30,,,,,,,,,,,,,,,,,,,,,,,,,,,,,,,,
,0,,,,,,,,,,,,,,,,,,,,,,,4200A2801.02,,420.0,A2801.02,HINWEIS,21.0,Schiebetor#1,A2801,,H000ToraußerBetrieb_x001D__x001D__x001D_,2024-10-31,peD,DavidPESCHEK,,,,_Unbekannt,Unbekannt,,,,,,,,,,,,,,,,,,,,,,,,,,,,,,,,
,0,,,,,,,,,,,,,,,,,,,,,,,4200A3106.01,,420.0,A3106.01,0K,1.0,Drehflügel#2,A3106,,STATUS0K_x001D__x001D__x001D_,2024-10-28,peD,DavidPESCHEK,,,1.0,_Unbekannt,Unbekannt,,,,,,,,,,,,,,,,,,,,,,,,,,,,,,,,
,0,,,,,,,,,,,,,,,,,,,,,,,4200A3207.01,,420.0,A3207.01,0K,1.0,Drehflügel#2,A3207,,STATUS0K_x001D__x001D__x001D_,2024-10-31,peD,DavidPESCHEK,,,1.0,_Unbekannt,Unbekannt,,,,,,,,,,,,,,,,,,,,,,,,,,,,,,,,
,0,,,,,,,,,,,,,,,,,,,,,,,4200A3408.01,,420.0,A3408.01,0K,1.0,Schiebetor#1,A3408,,STATUS0K_x001D__x001D__x001D_,2024-10-28,peD,DavidPESCHEK,,,1.0,_Unbekannt,Unbekannt,,,,,,,,,,,,,,,,,,,,,,,,,,,,,,,,
,0,,,,,,,,,,,,,,,,,,,,,,,4200A3901.06,,420.0,A3901.06,0K,1.0,Drehflügel#1,A4301,,STATUS0K_x001D__x001D__x001D_,2024-10-28,peD,DavidPESCHEK,,,,Peneder,T30,,,,,,,,,,,,,,,,,,,,,,,,,,,,,,,,
,0,,,,,,,,,,,,,,,,,,,,,,,4200A3906.01,,420.0,A3906.01,0K,1.0,Drehflügel#2,A4006,,STATUS0K_x001D__x001D__x001D_,2024-10-28,peD,DavidPESCHEK,,1.0,1.0,_Unbekannt,Unbekannt,,,,,,,,,,,,,,,,,,,,,,,,,,,,,,,,
,0,,,,,,,,,,,,,,,,,,,,,,,4200A4001.01,,420.0,A4001.01,0K,1.0,Schiebetor#1,A4001,,STATUS0K_x001D__x001D__x001D_,2024-10-28,peD,DavidPESCHEK,,,1.0,,,,,,,,,,,,,,,,,,,,,,,,,,,,,,,,,,
,0,,,,,,,,,,,,,,,,,,,,,,,4200A4001.02,,420.0,A4001.02,0K,1.0,Schiebetor#1,A4001,,STATUS0K_x001D__x001D__x001D_,2024-10-28,peD,DavidPESCHEK,,,1.0,,,,,,,,,,,,,,,,,,,,,,,,,,,,,,,,,,
,0,,,,,,,,,,,,,,,,,,,,,,,4200A4006.01,,420.0,A4006.01,0K,1.0,Drehflügel#1,A4006,,STATUS0K_x001D__x001D__x001D_,2024-10-28,peD,DavidPESCHEK,,1.0,,Peneder,EI2-30-C,,,,,,,,,,,,,,,,,,,,,,,,,,,,,,,,
,0,,,,,,,,,,,,,,,,,,,,,,,4200A4101.01,,420.0,A4101.01,0K,1.0,Drehflügel#1,A4101,,STATUS0K_x001D__x001D__x001D_,2024-10-28,peD,DavidPESCHEK,,,,Peneder,EI2-30-C,,,,,,,,,,,,,,,,,,,,,,,,,,,,,,,,
,0,,,,,,,,,,,,,,,,,,,,,,,4200A4209.01,,420.0,A4209.01,0K,1.0,Drehflügel#1,A4209,,STATUS0K_x001D__x001D__x001D_,2024-10-28,peD,DavidPESCHEK,,,,Peneder,EI2-30-C,,,,,,,,,,,,,,,,,,,,,,,,,,,,,,,,
,0,,,,,,,,,,,,,,,,,,,,,,,4200A4301.01,,420.0,A4301.01,0K,1.0,Drehflügel#2,A4301,,STATUS0K_x001D__x001D__x001D_,2024-10-28,peD,DavidPESCHEK,,,,Peneder,T90,,,,,,,,,,,,,,,,,,,,,,,,,,,,,,,,
,0,,,,,,,,,,,,,,,,,,,,,,,4200A4401.07,,420.0,A4401.07,0K,1.0,Drehflügel#2,A4401,,STATUS0K_x001D__x001D__x001D_,2024-10-28,peD,DavidPESCHEK,,1.0,1.0,Fritscher,T90,,,,,,,,,,,,,,,,,,,,,,,,,,,,,,,,
,0,,,,,,,,,,,,,,,,,,,,,,,4200A4408.01,,420.0,A4408.01,0K,1.0,Drehflügel#1,A4408,,STATUS0K_x001D__x001D__x001D_,2024-10-28,peD,DavidPESCHEK,,,,Peneder,EI2-30-C,,,,,,,,,,,,,,,,,,,,,,,,,,,,,,,,
,0,,,,,,,,,,,,,,,,,,,,,,,4200A4608.05,,420.0,A4608.05,0K,1.0,Drehflügel#1,A4608,,STATUS0K_x001D__x001D__x001D_,2024-10-28,peD,DavidPESCHEK,,,,Peneder,EI2-30-C,,,,,,,,,,,,,,,,,,,,,,,,,,,,,,,,
,0,,,,,,,,,,,,,,,,,,,,,,,4200A4608.06,,420.0,A4608.06,0K,1.0,Schiebetor#1,A4608,,STATUS0K_x001D__x001D__x001D_,2024-10-28,peD,DavidPESCHEK,,,1.0,Peneder,EI2-30-C,,,,,,,,,,,,,,,,,,,,,,,,,,,,,,,,
,0,,,,,,,,,,,,,,,,,,,,,,,4200A5201.01,,420.0,A5201.01,0K,1.0,Drehflügel#1,A5201,,STATUS0K_x001D__x001D__x001D_,2024-10-28,peD,DavidPESCHEK,,,,Peneder,T30,,,,,,,,,,,,,,,,,,,,,,,,,,,,,,,,
,0,,,,,,,,,,,,,,,,,,,,,,,4200A5206.06,,420.0,A5206.06,0K,1.0,Drehflügel#2,A5206,,STATUS0K_x001D__x001D__x001D_,2024-10-28,peD,DavidPESCHEK,,,,_Unbekannt,Unbekannt,,,,,,,,,,,,,,,,,,,,,,,,,,,,,,,,
,0,,,,,,,,,,,,,,,,,,,,,,,4200A5305.01,,420.0,A5305.01,0K,1.0,Drehflügel#2,A5305,,STATUS0K_x001D__x001D__x001D_,2024-10-28,peD,DavidPESCHEK,,,,Fritscher,T90,,,,,,,,,,,,,,,,,,,,,,,,,,,,,,,,
,0,,,,,,,,,,,,,,,,,,,,,,,4200B0106.01,,420.0,B0106.01,0K,1.0,Drehflügel#1,B0106,,STATUS0K_x001D__x001D__x001D_,2024-10-28,peD,DavidPESCHEK,,,,Steba,T30,,,,,,,,,,,,,,,,,,,,,,,,,,,,,,,,
,0,,,,,,,,,,,,,,,,,,,,,,,4200B0405.01,,420.0,B0405.01,0K,1.0,Drehflügel#2,B0405,,STATUS0K_x001D__x001D__x001D_,2024-10-28,peD,DavidPESCHEK,,,1.0,Peneder,EI2-30-C,,,,,,,,,,,,,,,,,,,,,,,,,,,,,,,,
,0,,,,,,,,,,,,,,,,,,,,,,,4200B0805.01,,420.0,B0805.01,0K,1.0,Drehflügel#2,B0805,,STATUS0K_x001D__x001D__x001D_,2024-10-28,peD,DavidPESCHEK,,,1.0,_Unbekannt,Unbekannt,,,,,,,,,,,,,,,,,,,,,,,,,,,,,,,,
,0,,,,,,,,,,,,,,,,,,,,,,,4200B1005.01,,420.0,B1005.01,0K,1.0,Drehflügel#2,B1005,,STATUS0K_x001D__x001D__x001D_,2024-10-28,peD,DavidPESCHEK,,,1.0,_Unbekannt,Unbekannt,,,,,,,,,,,,,,,,,,,,,,,,,,,,,,,,
,0,,,,,,,,,,,,,,,,,,,,,,,4200B1105.01,,420.0,B1105.01,HINWEIS,21.0,Drehflügel#2,B1105,,H000PanikschlossfehltsieheFLTListe_x001D__x001D__x001D_,2024-10-28,peD,DavidPESCHEK,,1.0,,_Unbekannt,Unbekannt,,,,,,,,,,,,,,,,,,,,,,,,,,,,,,,,
,0,,,,,,,,,,,,,,,,,,,,,,,4200B1202.02,,420.0,B1202.02,0K,1.0,Drehflügel#2,B1202,,STATUS0K_x001D__x001D__x001D_,2024-10-28,peD,DavidPESCHEK,,,1.0,Starmann,T30,,,,,,,,,,,,,,,,,,,,,,,,,,,,,,,,
,0,,,,,,,,,,,,,,,,,,,,,,,4200B1208.01,,420.0,B1208.01,0K,1.0,Drehflügel#2,B1208,,STATUS0K_x001D__x001D__x001D_,2024-10-28,peD,DavidPESCHEK,,1.0,,Starmann,T30,,,,,,,,,,,,,,,,,,,,,,,,,,,,,,,,
,0,,,,,,,,,,,,,,,,,,,,,,,4200B1305.01,,420.0,B1305.01,0K,1.0,Drehflügel#1,B1305,,STATUS0K_x001D__x001D__x001D_,2024-10-28,peD,DavidPESCHEK,,1.0,,Peneder,T30,,,,,,,,,,,,,,,,,,,,,,,,,,,,,,,,
,0,,,,,,,,,,,,,,,,,,,,,,,4200B1404.01,,420.0,B1404.01,0K,1.0,Drehflügel#2,B1404,,STATUS0K_x001D__x001D__x001D_,2024-10-28,peD,DavidPESCHEK,,1.0,1.0,Starmann,T30,,,,,,,,,,,,,,,,,,,,,,,,,,,,,,,,
,0,,,,,,,,,,,,,,,,,,,,,,,4200B1605.01,,420.0,B1605.01,0K,1.0,Drehflügel#1,B1404,,STATUS0K_x001D__x001D__x001D_,2024-10-28,peD,DavidPESCHEK,,,,_Unbekannt,Unbekannt,,,,,,,,,,,,,,,,,,,,,,,,,,,,,,,,
,0,,,,,,,,,,,,,,,,,,,,,,,4200B1605.02,,420.0,B1605.02,0K,1.0,Drehflügel#2,B1605,,STATUS0K_x001D__x001D__x001D_,2024-10-28,peD,DavidPESCHEK,,1.0,1.0,Novoferm,T30,,,,,,,,,,,,,,,,,,,,,,,,,,,,,,,,
,0,,,,,,,,,,,,,,,,,,,,,,,4200B1607.01,,420.0,B1607.01,0K,1.0,Drehflügel#2,B1607,,STATUS0K_x001D__x001D__x001D_,2024-10-28,peD,DavidPESCHEK,,,1.0,_Unbekannt,Unbekannt,,,,,,,,,,,,,,,,,,,,,,,,,,,,,,,,
,0,,,,,,,,,,,,,,,,,,,,,,,4200B1607.03,,420.0,B1607.03,0K,1.0,Schiebetor#1,B1607,,STATUS0K_x001D__x001D__x001D_,2024-10-28,peD,DavidPESCHEK,,,1.0,_Unbekannt,Unbekannt,,,,,,,,,,,,,,,,,,,,,,,,,,,,,,,,
,0,,,,,,,,,,,,,,,,,,,,,,,4200B2605.01,,420.0,B2605.01,0K,1.0,Schiebetor#1,B2605,,STATUS0K_x001D__x001D__x001D_,2024-10-28,peD,DavidPESCHEK,,,1.0,_Unbekannt,Unbekannt,,,,,,,,,,,,,,,,,,,,,,,,,,,,,,,,
,1,,,,,,,,,,,,,,,,,,,,,,,4201A0222.02,,420.0,A0222.02,0K,1.0,Drehflügel#2,A0230,,STATUS0K_x001D__x001D__x001D_,2024-10-28,peD,DavidPESCHEK,,1.0,1.0,Starmann,T30,,,,,,,,,,,,,,,,,,,,,,,,,,,,,,,,
,1,,,,,,,,,,,,,,,,,,,,,,,4201A0230.01,,420.0,A0230.01,0K,1.0,Drehflügel#2,A0230,,STATUS0K_x001D__x001D__x001D_,2024-10-28,peD,DavidPESCHEK,,1.0,1.0,Starmann,T30,,,,,,,,,,,,,,,,,,,,,,,,,,,,,,,,
,1,,,,,,,,,,,,,,,,,,,,,,,4201A0414.02,,420.0,A0414.02,0K,1.0,Drehflügel#1,A0414,,STATUS0K_x001D__x001D__x001D_,2024-10-28,peD,DavidPESCHEK,,1.0,1.0,Starmann,T30,,,,,,,,,,,,,,,,,,,,,,,,,,,,,,,,
,1,,,,,,,,,,,,,,,,,,,,,,,4201A0416.01,,420.0,A0416.01,0K,1.0,Drehflügel#2,A0416,,STATUS0K_x001D__x001D__x001D_,2024-10-28,peD,DavidPESCHEK,,1.0,,Starmann,T30,,,,,,,,,,,,,,,,,,,,,,,,,,,,,,,,
,1,,,,,,,,,,,,,,,,,,,,,,,4201A0516.01,,420.0,A0516.01,0K,1.0,Drehflügel#1,A0416,,STATUS0K_x001D__x001D__x001D_,2024-10-28,peD,DavidPESCHEK,,1.0,,_Unbekannt,T30,,,,,,,,,,,,,,,,,,,,,,,,,,,,,,,,
,2,,,,,,,,,,,,,,,,,,,,,,,4202A0132.01,,420.0,A0132.01,0K,1.0,Drehflügel#2,A0132,,STATUS0K_x001D__x001D__x001D_,2024-10-28,peD,DavidPESCHEK,,1.0,,Starmann,T30,,,,,,,,,,,,,,,,,,,,,,,,,,,,,,,,
,2,,,,,,,,,,,,,,,,,,,,,,,4202A0234.02,,420.0,A0234.02,0K,1.0,Drehflügel#2,A0132,,STATUS0K_x001D__x001D__x001D_,2024-10-28,peD,DavidPESCHEK,,,,Starmann,T30,,,,,,,,,,,,,,,,,,,,,,,,,,,,,,,,
,2,,,,,,,,,,,,,,,,,,,,,,,4202A0416.01,,420.0,A0416.01,0K,1.0,Drehflügel#1,A0416,,STATUS0K_x001D__x001D__x001D_,2024-10-28,peD,DavidPESCHEK,,1.0,1.0,Starmann,T30,,,,,,,,,,,,,,,,,,,,,,,,,,,,,,,,
,2,,,,,,,,,,,,,,,,,,,,,,,4202A0416.02,,420.0,A0416.02,0K,1.0,Drehflügel#2,A0416,,STATUS0K_x001D__x001D__x001D_,2024-10-28,peD,DavidPESCHEK,,1.0,1.0,Starmann,T30,,,,,,,,,,,,,,,,,,,,,,,,,,,,,,,,
,2,,,,,,,,,,,,,,,,,,,,,,,4202A0617.01,,420.0,A0617.01,0K,1.0,Drehflügel#1,A0617,,STATUS0K_x001D__x001D__x001D_,2024-10-28,peD,DavidPESCHEK,,1.0,,TischlereiKout,T30,,,,,,,,,,,,,,,,,,,,,,,,,,,,,,,,
,2,,,,,,,,,,,,,,,,,,,,,,,4202A0618.01,,420.0,A0618.01,0K,1.0,Drehflügel#1,A0617,,STATUS0K_x001D__x001D__x001D_,2024-10-28,peD,DavidPESCHEK,,,,Domoferm,T30,,,,,,,,,,,,,,,,,,,,,,,,,,,,,,,,
,2,,,,,,,,,,,,,,,,,,,,,,,4202A0714.01,,420.0,A0714.01,0K,1.0,Drehflügel#1,A0714,,STATUS0K_x001D__x001D__x001D_,2024-10-28,peD,DavidPESCHEK,,1.0,1.0,Starmann,T30,,,,,,,,,,,,,,,,,,,,,,,,,,,,,,,,
,DG,,,,,,,,,,,,,,,,,,,,,,,420DGA0216.01,,420.0,A0216.01,0K,1.0,Drehflügel#2,A0213,,STATUS0K_x001D__x001D__x001D_,2024-10-28,peD,DavidPESCHEK,,1.0,,Steba,T30,,,,,,,,,,,,,,,,,,,,,,,,,,,,,,,,
,DG,,,,,,,,,,,,,,,,,,,,,,,420DGA0714.01,,420.0,A0714.01,0K,1.0,Schiebetor#1,A0213,,STATUS0K_x001D__x001D__x001D_,2024-10-28,peD,DavidPESCHEK,,,1.0,Steba,T30,,,,,,,,,,,,,,,,,,,,,,,,,,,,,,,,
,,,,,,,,,,,,,,,,,,,,,,,,,,,,,,,,,,,,,,,,,,Nr.,,,,,,,JA,NEIN,,,,,JA,NEIN,JA,NEIN,Art,erl,0=ok,,,,,,,,,,,,
,,,,,,,,,,,,,,,,,,,,,,,,42000A0106.02,,,,,,,,,,,,,,,,,,,,,,,,,,,,,,,,,,,,,,,,420.0,0,004,420/0/3/6,001,0A0106,5.0,1.0,1.0,
,,,,,,,,,,,,,,,,,,,,,,,,42000A0803.02,,,,,,,,,,,,,,,,,,,,,,,,,,,,,,,,,,,,,,,,420.0,0,040D,420/0/14/6,040D,0A0803,6.0,2.0,2.0,
,,,,,,,,,,,,,,,,,,,,,,,,42000A0602.01,,,,,,,,,,,,,,,,,,,,,,,,,,,,,,,,,,,,,,,,420.0,0,040A,420/0/15/6,040A,0A0602,6.0,2.0,3.0,
,,,,,,,,,,,,,,,,,,,,,,,,42000A0406.01,,,,,,,,,,,,,,,,,,,,,,,,,,,,,,,,,,,,,,,,420.0,0,008,420/0/22/6,004,0A0406,6.0,2.0,4.0,
,,,,,,,,,,,,,,,,,,,,,,,,4200A0807.02,,,,,,,,,,,,,,,,,,,,,,,,,,,,,,,,,,,,,,,,420.0,0,009,420/0/10,009,0A0807,6.0,2.0,5.0,
,,,,,,,,,,,,,,,,,,,,,,,,42000A2207.01,,,,,,,,,,,,,,,,,,,,,,,,,,,,,,,,,,,,,,,,420.0,0,017,420/0/40/6,017,0A2207,7.0,3.0,1.0,Spannungs-unterbrechungvon17.00-06.30überexternesZeitrelais
,,,,,,,,,,,,,,,,,,,,,,,,42000A1206.01,,,,,,,,,,,,,,,,,,,,,,,,,,,,,,,,,,,,,,,,420.0,0,018,420/0/45/6,008,0A1206,8.0,4.0,1.0,Spannungs-unterbrechungvon17.00-06.30überexternesZeitrelais
,,,,,,,,,,,,,,,,,,,,,,,,42000A1308.01,,,,,,,,,,,,,,,,,,,,,,,,,,,,,,,,,,,,,,,,420.0,0,011A,420/0/29/6,011A,0A1308,9.0,5.0,1.0,HMdemontiert/Verbindungsdose
,,,,,,,,,,,,,,,,,,,,,,,,42000A1308.02,,,,,,,,,,,,,,,,,,,,,,,,,,,,,,,,,,,,,,,,420.0,0,037A,420/0/30/6,013,0A1607,9.0,5.0,2.0,HMdemontiert/Verbindungsdose
,,,,,,,,,,,,,,,,,,,,,,,,42000A3207.01,,,,,,,,,,,,,,,,,,,,,,,,,,,,,,,,,,,,,,,,420.0,0,023,420/0/57/6,023,0A3207,12.0,8.0,1.0,
,,,,,,,,,,,,,,,,,,,,,,,,42000A2601.02,,,,,,,,,,,,,,,,,,,,,,,,,,,,,,,,,,,,,,,,420.0,0,047A,420/0/58/6,018,0A2601,12.0,8.0,2.0,
,,,,,,,,,,,,,,,,,,,,,,,,42000A3106.01,,,,,,,,,,,,,,,,,,,,,,,,,,,,,,,,,,,,,,,,420.0,0,022,420/0/56/6,022,0A3106,13.0,10.0,1.0,
,,,,,,,,,,,,,,,,,,,,,,,,42000A3906.01,,,,,,,,,,,,,,,,,,,,,,,,,,,,,,,,,,,,,,,,420.0,0,028,420/0/61/6,028,0A3906,15.0,12.0,1.0,
,,,,,,,,,,,,,,,,,,,,,,,,42000A3408.01,,,,,,,,,,,,,,,,,,,,,,,,,,,,,,,,,,,,,,,,420.0,0,049A,420/0/59/6,047A,0A3108,16.0,13.0,1.0,
,,,,,,,,,,,,,,,,,,,,,,,,42000A4001.02,,,,,,,,,,,,,,,,,,,,,,,,,,,,,,,,,,,,,,,,420.0,0,062A,420/0/53,064,0A4001,17.0,14.0,1.0,
,,,,,,,,,,,,,,,,,,,,,,,,42000A4401.07,,,,,,,,,,,,,,,,,,,,,,,,,,,,,,,,,,,,,,,,420.0,0,030,420/0/64/6,070,0A4401,18.0,15.0,1.0,
,,,,,,,,,,,,,,,,,,,,,,,,42000A5305.01,,,,,,,,,,,,,,,,,,,,,,,,,,,,,,,,,,,,,,,,420.0,0,032,420/0/65/6,059,0A5305,18.0,15.0,2.0,
,,,,,,,,,,,,,,,,,,,,,,,,42000A4408.01,,,,,,,,,,,,,,,,,,,,,,,,,,,,,,,,,,,,,,,,420.0,0,055A,,055,0A4408,18.0,15.0,3.0,
,,,,,,,,,,,,,,,,,,,,,,,,42000A4001.01,,,,,,,,,,,,,,,,,,,,,,,,,,,,,,,,,,,,,,,,420.0,0,064D,420/0/54/6,064,0A4001,19.0,16.0,1.0,
,,,,,,,,,,,,,,,,,,,,,,,,42000A4608.06,,,,,,,,,,,,,,,,,,,,,,,,,,,,,,,,,,,,,,,,420.0,0,057B,420/0/69/6,057,0A4608,42.0,17.0,1.0,
,,,,,,,,,,,,,,,,,,,,,,,,42000A5206.02,,,,,,,,,,,,,,,,,,,,,,,,,,,,,,,,,,,,,,,,420.0,0,032A,420/0/70/6,032A,0A5106,42.0,17.0,2.0,
,,,,,,,,,,,,,,,,,,,,,,,,42000A2114.01,,,,,,,,,,,,,,,,,,,,,,,,,,,,,,,,,,,,,,,,420.0,0,075A,420/0/71/6,073A,0A2113,49.0,18.0,1.0,
,,,,,,,,,,,,,,,,,,,,,,,,42000A2114.01,,,,,,,,,,,,,,,,,,,,,,,,,,,,,,,,,,,,,,,,420.0,0,075F,420/0/72/6,094,0A2115,49.0,18.0,2.0,
,,,,,,,,,,,,,,,,,,,,,,,,42001A0414.02,,,,,,,,,,,,,,,,,,,,,,,,,,,,,,,,,,,,,,,,420.0,1.0G,103B,420/1/1/6,101C,0A0414,51.0,19.0,1.0,
,,,,,,,,,,,,,,,,,,,,,,,,420020A0714.01,,,,,,,,,,,,,,,,,,,,,,,,,,,,,,,,,,,,,,,,420.0,2.0G,212,420/2/1/6,216,0A0414,53.0,20.0,1.0,
,,,,,,,,,,,,,,,,,,,,,,,,420020A0416.02,,,,,,,,,,,,,,,,,,,,,,,,,,,,,,,,,,,,,,,,420.0,2.0G,216,420/2/2/6,209,0A0416,54.0,21.0,1.0,
,,,,,,,,,,,,,,,,,,,,,,,,420020A0416.01,,,,,,,,,,,,,,,,,,,,,,,,,,,,,,,,,,,,,,,,420.0,2.0G,217,420/2/3/6,209,0A0416,54.0,21.0,2.0,
,,,,,,,,,,,,,,,,,,,,,,,,420DAA0714.01,,,,,,,,,,,,,,,,,,,,,,,,,,,,,,,,,,,,,,,,420.0,DG,keien,420/3/1,301,0A0213,64.0,22.0,1.0,
,,,,,,,,,,,,,,,,,,,,,,,,42000B2605.01,,,,,,,,,,,,,,,,,,,,,,,,,,,,,,,,,,,,,,,,420.0,0,0102A,421/0/1/6,021,0B2605,102.0,23.0,1.0,
,,,,,,,,,,,,,,,,,,,,,,,,42000B1607.03,,,,,,,,,,,,,,,,,,,,,,,,,,,,,,,,,,,,,,,,420.0,0,0101,421/0/2/6,0102,0B1805,103.0,24.0,1.0,
,,,,,,,,,,,,,,,,,,,,,,,,42000B1202.02,,,,,,,,,,,,,,,,,,,,,,,,,,,,,,,,,,,,,,,,420.0,0,090A,421/0/11/6,090,0B1202,104.0,25.0,1.0,
,,,,,,,,,,,,,,,,,,,,,,,,42000B1302.01,,,,,,,,,,,,,,,,,,,,,,,,,,,,,,,,,,,,,,,,420.0,0,086,421/0/12/6,085A,0B1207,104.0,25.0,2.0,
,,,,,,,,,,,,,,,,,,,,,,,,42001A0230.01,,,,,,,,,,,,,,,,,,,,,,,,,,,,,,,,,,,,,,,,420.0,1.0G,116A,421/1/2/6,110A,0A0230,112.0,26.0,1.0,
,,,,,,,,,,,,,,,,,,,,,,,,42001A0222.02,,,,,,,,,,,,,,,,,,,,,,,,,,,,,,,,,,,,,,,,420.0,1.0G,110A,421/1/1/6,110,0A0230,112.0,26.0,2.0,
,,,,,,,,,,,,,,,,,,,,,,,,4200B11605.02,,,,,,,,,,,,,,,,,,,,,,,,,,,,,,,,,,,,,,,,420.0,0,0100C,421/0/3/6,0100A,0B1607,120.0,27.0,1.0,
,,,,,,,,,,,,,,,,,,,,,,,,42000B1607.01,,,,,,,,,,,,,,,,,,,,,,,,,,,,,,,,,,,,,,,,420.0,0,093,421/0/4/6,0100A,0B1607,120.0,27.0,2.0,
,,,,,,,,,,,,,,,,,,,,,,,,42000B1005.01,,,,,,,,,,,,,,,,,,,,,,,,,,,,,,,,,,,,,,,,420.0,0,083B,421/0/8/6,083,0B1005,122.0,28.0,1.0,
,,,,,,,,,,,,,,,,,,,,,,,,42000B0805.01,,,,,,,,,,,,,,,,,,,,,,,,,,,,,,,,,,,,,,,,420.0,0,082B,421/0/9/6,082,0B0805,122.0,28.0,2.0,
,,,,,,,,,,,,,,,,,,,,,,,,42000B0405.01,,,,,,,,,,,,,,,,,,,,,,,,,,,,,,,,,,,,,,,,420.0,0,081B,421/0/10/6,081,0B0405,122.0,28.0,3.0,
,,,,,,,,,,,,,,,,,,,,,,,,keinevorhanden,,,,,,,,,,,,,,,,,,,,,,,,,,,,,,,,,,,,,,,,420.0,0,keinevorhanden,Keine,0103,0B0304,121.0,29.0,1.0,FreilagerEX
